{
"group": {
	"name": "Lim",
	"group": {
		"name": "Braids",
		"group": {
			"name": "Braid",
			"body": {
				"name": "Braid15",
				"body-type": "DynamicBody",
				"origin": "345.71164,333.92065",
				"active": true,
				"allow-sleep": true,
				"awake": true,
				"bullet": false,
				"fixed-rotation": false,
				"angular-damping": 0.4,
				"linear-damping": 0.4,
				"gravity-scale": 0.5,
				"fixture-polygon": {
					"name": "Braid15_fixture",
					"convexes": [
						{
							"vertexes": "344.4345,338.89474|345.7259,328.5813|346.98877,338.16553",
							"triangles": "0,1,2"
						}
					],
					"friction": 0.1,
					"restitution": 0.3,
					"density": 0.2,
					"sensor": false,
					"group-index": 0,
					"category-bits": 1,
					"mask-bits": -1
				},
				"texture": {
					"name": "Braid15_texture",
					"raster-name": "Braid15",
					"corners": "344.4223,339.17447|346.93988,339.28445|347.40424,328.6546|344.88666,328.54462"
				}
			},
			"body": {
				"name": "Braid14",
				"body-type": "DynamicBody",
				"origin": "345.6895,344.64084",
				"active": true,
				"allow-sleep": true,
				"awake": true,
				"bullet": false,
				"fixed-rotation": false,
				"angular-damping": 0.4,
				"linear-damping": 0.4,
				"gravity-scale": 0.5,
				"fixture-polygon": {
					"name": "Braid14_fixture",
					"convexes": [
						{
							"vertexes": "346.82513,352.60788|343.4574,351.51144|344.75354,336.66202|346.9994,337.4863|347.92163,349.24017",
							"triangles": "0,1,4,4,1,2,4,2,3"
						}
					],
					"friction": 0.1,
					"restitution": 0.3,
					"density": 0.2,
					"sensor": false,
					"group-index": 0,
					"category-bits": 1,
					"mask-bits": -1
				},
				"texture": {
					"name": "Braid14_texture",
					"raster-name": "Braid14",
					"corners": "343.46716,352.9114|347.94708,352.88007|347.83148,336.36047|343.35156,336.3918"
				}
			},
			"body": {
				"name": "Braid13",
				"body-type": "DynamicBody",
				"origin": "345.8846,357.86087",
				"active": true,
				"allow-sleep": true,
				"awake": true,
				"bullet": false,
				"fixed-rotation": false,
				"angular-damping": 0.4,
				"linear-damping": 0.4,
				"gravity-scale": 0.5,
				"fixture-polygon": {
					"name": "Braid13_fixture",
					"convexes": [
						{
							"vertexes": "344.57202,366.87814|342.51703,364.14716|343.43506,350.1073|344.7862,348.66|347.92212,350.2332|349.1272,360.838|348.20026,366.4732",
							"triangles": "0,1,6,6,1,5,5,1,2,5,2,4,2,3,4"
						}
					],
					"friction": 0.1,
					"restitution": 0.3,
					"density": 0.2,
					"sensor": false,
					"group-index": 0,
					"category-bits": 1,
					"mask-bits": -1
				},
				"texture": {
					"name": "Braid13_texture",
					"raster-name": "Braid13",
					"corners": "342.62286,367.2253|349.33887,366.9944|348.70386,348.5253|341.98785,348.75623"
				}
			},
			"body": {
				"name": "Braid12",
				"body-type": "DynamicBody",
				"origin": "346.05145,371.4682",
				"active": true,
				"allow-sleep": true,
				"awake": true,
				"bullet": false,
				"fixed-rotation": false,
				"angular-damping": 0.4,
				"linear-damping": 0.4,
				"gravity-scale": 0.5,
				"fixture-polygon": {
					"name": "Braid12_fixture",
					"convexes": [
						{
							"vertexes": "343.41455,381.27936|341.72394,378.76642|342.77777,363.08188|344.72955,361.1136|348.09064,361.3794|350.39673,377.04987|347.89685,381.82043",
							"triangles": "0,1,5,1,2,5,6,0,5,2,4,5,2,3,4"
						}
					],
					"friction": 0.1,
					"restitution": 0.3,
					"density": 0.2,
					"sensor": false,
					"group-index": 0,
					"category-bits": 1,
					"mask-bits": -1
				},
				"texture": {
					"name": "Braid12_texture",
					"raster-name": "Braid12",
					"corners": "341.73688,381.8464|350.4168,381.8098|350.32825,360.81003|341.64832,360.84662"
				}
			},
			"body": {
				"name": "Braid11",
				"body-type": "DynamicBody",
				"origin": "346.02567,384.66708",
				"active": true,
				"allow-sleep": true,
				"awake": true,
				"bullet": false,
				"fixed-rotation": false,
				"angular-damping": 0.4,
				"linear-damping": 0.4,
				"gravity-scale": 0.5,
				"fixture-polygon": {
					"name": "Braid11_fixture",
					"convexes": [
						{
							"vertexes": "340.7068,392.5431|341.44427,378.25742|342.82,374.88745|350.39795,377.35306|351.3285,389.94675|350.51862,394.15268|347.17084,395.85675|342.12292,394.77298",
							"triangles": "0,6,7,0,4,6,5,6,4,0,1,4,1,3,4,1,2,3"
						},
						{
							"vertexes": "350.39795,377.35306|342.82,374.88745|345.3299,373.46936|348.41388,374.00726",
							"triangles": "0,1,2,0,2,3"
						}
					],
					"friction": 0.1,
					"restitution": 0.3,
					"density": 0.2,
					"sensor": false,
					"group-index": 0,
					"category-bits": 1,
					"mask-bits": -1
				},
				"texture": {
					"name": "Braid11_texture",
					"raster-name": "Braid11",
					"corners": "340.73096,395.903|351.37073,395.8266|351.20978,373.42715|340.57,373.50357"
				}
			},
			"body": {
				"name": "Braid10",
				"body-type": "DynamicBody",
				"origin": "346.1001,399.29913",
				"active": true,
				"allow-sleep": true,
				"awake": true,
				"bullet": false,
				"fixed-rotation": false,
				"angular-damping": 0.4,
				"linear-damping": 0.4,
				"gravity-scale": 0.5,
				"fixture-polygon": {
					"name": "Braid10_fixture",
					"convexes": [
						{
							"vertexes": "352.2646,404.2962|349.5075,410.75467|345.03137,411.34448|341.0965,409.13058|339.9356,402.97818|340.69916,391.49283|343.47485,387.83432|351.33893,391.42206",
							"triangles": "0,3,4,4,7,0,3,0,2,4,5,7,1,2,0,7,5,6"
						},
						{
							"vertexes": "351.33893,391.42206|343.47485,387.83432|349.35663,388.07516",
							"triangles": "0,1,2"
						},
						{
							"vertexes": "351.73248,408.49985|349.5075,410.75467|352.2646,404.2962",
							"triangles": "0,1,2"
						}
					],
					"friction": 0.1,
					"restitution": 0.3,
					"density": 0.2,
					"sensor": false,
					"group-index": 0,
					"category-bits": 1,
					"mask-bits": -1
				},
				"texture": {
					"name": "Braid10_texture",
					"raster-name": "Braid10",
					"corners": "339.99152,411.378|352.31116,411.29605|352.15094,387.21655|339.8313,387.2985"
				}
			},
			"body": {
				"name": "Braid09",
				"body-type": "DynamicBody",
				"origin": "346.38626,414.04904",
				"active": true,
				"allow-sleep": true,
				"awake": true,
				"bullet": false,
				"fixed-rotation": false,
				"angular-damping": 0.4,
				"linear-damping": 0.4,
				"gravity-scale": 0.5,
				"fixture-polygon": {
					"name": "Braid09_fixture",
					"convexes": [
						{
							"vertexes": "339.9577,406.26035|344.12042,401.7457|352.27722,406.15826|353.2379,420.71082|351.87042,424.64227|348.80444,426.34775|344.04462,426.38718|340.10388,423.89975",
							"triangles": "0,3,7,7,3,6,3,0,2,5,6,3,2,0,1,4,5,3"
						},
						{
							"vertexes": "344.12042,401.7457|348.3203,401.7109|352.27722,406.15826",
							"triangles": "0,1,2"
						}
					],
					"friction": 0.1,
					"restitution": 0.3,
					"density": 0.2,
					"sensor": false,
					"group-index": 0,
					"category-bits": 1,
					"mask-bits": -1
				},
				"texture": {
					"name": "Braid09_texture",
					"raster-name": "Braid09",
					"corners": "339.2848,426.42664|353.2843,426.3106|353.08014,401.67145|339.08063,401.78748"
				}
			},
			"body": {
				"name": "Braid08",
				"body-type": "DynamicBody",
				"origin": "346.43283,428.3317",
				"active": true,
				"allow-sleep": true,
				"awake": true,
				"bullet": false,
				"fixed-rotation": false,
				"angular-damping": 0.4,
				"linear-damping": 0.4,
				"gravity-scale": 0.5,
				"fixture-polygon": {
					"name": "Braid08_fixture",
					"convexes": [
						{
							"vertexes": "353.84283,433.90662|353.297,438.10846|348.26752,441.20547|342.38562,440.66534|339.01434,437.31674|339.51465,419.67493|348.4604,415.44467|352.3908,418.5114",
							"triangles": "0,3,4,4,5,0,0,2,3,5,7,0,1,2,0,7,5,6"
						},
						{
							"vertexes": "339.51465,419.67493|343.14136,415.74265|348.4604,415.44467",
							"triangles": "0,1,2"
						}
					],
					"friction": 0.1,
					"restitution": 0.3,
					"density": 0.2,
					"sensor": false,
					"group-index": 0,
					"category-bits": 1,
					"mask-bits": -1
				},
				"texture": {
					"name": "Braid08_texture",
					"raster-name": "Braid08",
					"corners": "338.74756,441.23767|353.86743,441.18655|353.77942,415.1467|338.65955,415.1978"
				}
			},
			"body": {
				"name": "Braid07",
				"body-type": "DynamicBody",
				"origin": "346.3223,442.38635",
				"active": true,
				"allow-sleep": true,
				"awake": true,
				"bullet": false,
				"fixed-rotation": false,
				"angular-damping": 0.4,
				"linear-damping": 0.4,
				"gravity-scale": 0.5,
				"fixture-polygon": {
					"name": "Braid07_fixture",
					"convexes": [
						{
							"vertexes": "338.48163,450.3814|338.729,436.1008|353.00134,432.7081|354.14502,443.06552|353.88483,451.74612|349.97253,455.11508|343.81317,455.40918|339.88806,453.17816",
							"triangles": "0,6,7,5,6,0,3,5,0,3,0,1,3,4,5,1,2,3"
						},
						{
							"vertexes": "353.00134,432.7081|338.729,436.1008|340.9568,430.77567|344.03296,429.08862|349.35364,429.35645",
							"triangles": "0,1,3,3,1,2,0,3,4"
						}
					],
					"friction": 0.1,
					"restitution": 0.3,
					"density": 0.2,
					"sensor": false,
					"group-index": 0,
					"category-bits": 1,
					"mask-bits": -1
				},
				"texture": {
					"name": "Braid07_texture",
					"raster-name": "Braid07",
					"corners": "338.49377,455.7014|354.17383,455.6655|354.11298,429.06555|338.43292,429.10144"
				}
			},
			"body": {
				"name": "Braid06",
				"body-type": "DynamicBody",
				"origin": "346.46933,457.57498",
				"active": true,
				"allow-sleep": true,
				"awake": true,
				"bullet": false,
				"fixed-rotation": false,
				"angular-damping": 0.4,
				"linear-damping": 0.4,
				"gravity-scale": 0.5,
				"fixture-polygon": {
					"name": "Braid06_fixture",
					"convexes": [
						{
							"vertexes": "338.48523,450.8794|343.49933,443.86078|349.9403,444.1169|354.15686,448.58136|354.45343,453.06027|353.9463,467.3423|348.92194,471.56088|338.82123,465.99823",
							"triangles": "0,4,7,5,7,4,4,0,2,5,6,7,2,0,1,3,4,2"
						},
						{
							"vertexes": "343.49933,443.86078|338.48523,450.8794|340.14764,446.1132",
							"triangles": "0,1,2"
						},
						{
							"vertexes": "348.92194,471.56088|344.162,471.57852|340.23267,469.07306|338.82123,465.99823",
							"triangles": "0,1,3,3,1,2"
						}
					],
					"friction": 0.1,
					"restitution": 0.3,
					"density": 0.2,
					"sensor": false,
					"group-index": 0,
					"category-bits": 1,
					"mask-bits": -1
				},
				"texture": {
					"name": "Braid06_texture",
					"raster-name": "Braid06",
					"corners": "338.56195,471.59924|354.52185,471.54016|354.41815,443.54034|338.45825,443.59943"
				}
			},
			"body": {
				"name": "Braid05",
				"body-type": "DynamicBody",
				"origin": "346.52,474.0678",
				"active": true,
				"allow-sleep": true,
				"awake": true,
				"bullet": false,
				"fixed-rotation": false,
				"angular-damping": 0.4,
				"linear-damping": 0.4,
				"gravity-scale": 0.5,
				"fixture-polygon": {
					"name": "Braid05_fixture",
					"convexes": [
						{
							"vertexes": "354.2193,465.35403|353.7392,483.83624|344.79877,488.35492|340.02667,485.57556|338.82068,465.7006|341.04242,461.49097|345.23517,459.79282|350.83875,460.60858",
							"triangles": "0,3,4,5,0,4,1,3,0,0,5,6,1,2,3,7,0,6"
						},
						{
							"vertexes": "351.2339,487.2071|344.79877,488.35492|353.7392,483.83624",
							"triangles": "0,1,2"
						}
					],
					"friction": 0.1,
					"restitution": 0.3,
					"density": 0.2,
					"sensor": false,
					"group-index": 0,
					"category-bits": 1,
					"mask-bits": -1
				},
				"texture": {
					"name": "Braid05_texture",
					"raster-name": "Braid05",
					"corners": "338.91882,488.38037|354.31866,488.31375|354.19507,459.75406|338.79523,459.82068"
				}
			},
			"body": {
				"name": "Braid04",
				"body-type": "DynamicBody",
				"origin": "346.59454,490.75568",
				"active": true,
				"allow-sleep": true,
				"awake": true,
				"bullet": false,
				"fixed-rotation": false,
				"angular-damping": 0.4,
				"linear-damping": 0.4,
				"gravity-scale": 0.5,
				"fixture-polygon": {
					"name": "Braid04_fixture",
					"convexes": [
						{
							"vertexes": "339.1742,482.65775|347.56085,477.31674|351.20367,478.42764|354.0149,482.90063|353.21478,498.86267|348.46808,504.19458|343.146,503.36792|339.49054,497.21704",
							"triangles": "0,3,7,4,7,3,3,0,2,6,7,4,1,2,0,5,6,4"
						},
						{
							"vertexes": "339.1742,482.65775|342.24298,478.17004|347.56085,477.31674",
							"triangles": "0,1,2"
						}
					],
					"friction": 0.1,
					"restitution": 0.3,
					"density": 0.2,
					"sensor": false,
					"group-index": 0,
					"category-bits": 1,
					"mask-bits": -1
				},
				"texture": {
					"name": "Braid04_texture",
					"raster-name": "Braid04",
					"corners": "339.2281,504.21765|354.06805,504.1806|354.00085,477.30066|339.1609,477.33774"
				}
			},
			"body": {
				"name": "Braid03",
				"body-type": "DynamicBody",
				"origin": "341.0277,504.14026",
				"active": true,
				"allow-sleep": true,
				"awake": true,
				"bullet": false,
				"fixed-rotation": false,
				"angular-damping": 0.4,
				"linear-damping": 0.4,
				"gravity-scale": 0.5,
				"fixture-polygon": {
					"name": "Braid03_fixture",
					"convexes": [
						{
							"vertexes": "334.71326,515.37714|330.52448,512.4513|330.65363,505.9159|341.61536,493.9204|348.54254,493.6494|351.9478,497.3756|351.41437,503.1233|339.45227,514.1392",
							"triangles": "0,1,7,1,2,7,7,2,3,7,3,6,3,4,6,6,4,5"
						}
					],
					"friction": 0.1,
					"restitution": 0.3,
					"density": 0.2,
					"sensor": false,
					"group-index": 0,
					"category-bits": 1,
					"mask-bits": -1
				},
				"texture": {
					"name": "Braid03_texture",
					"raster-name": "Braid03",
					"corners": "326.92328,508.92517|336.52637,518.3281|354.74457,499.72217|345.14148,490.3192"
				}
			},
			"body": {
				"name": "Braid02",
				"body-type": "DynamicBody",
				"origin": "328.12482,510.8465",
				"active": true,
				"allow-sleep": true,
				"awake": true,
				"bullet": false,
				"fixed-rotation": false,
				"angular-damping": 0.4,
				"linear-damping": 0.4,
				"gravity-scale": 0.5,
				"fixture-polygon": {
					"name": "Braid02_fixture",
					"convexes": [
						{
							"vertexes": "320.5174,517.1332|317.0708,514.7993|317.57416,510.932|331.33734,504.71576|338.51938,507.0088|339.5085,511.0907|338.2631,514.27356|335.26135,516.1533",
							"triangles": "0,1,2,0,2,3,3,7,0,5,7,3,5,3,4,6,7,5"
						},
						{
							"vertexes": "338.51938,507.0088|331.33734,504.71576|336.29312,504.95532",
							"triangles": "0,1,2"
						}
					],
					"friction": 0.1,
					"restitution": 0.3,
					"density": 0.2,
					"sensor": false,
					"group-index": 0,
					"category-bits": 1,
					"mask-bits": -1
				},
				"texture": {
					"name": "Braid02_texture",
					"raster-name": "Braid02",
					"corners": "315.5541,508.54047|318.38965,520.2418|340.4317,514.9004|337.59616,503.1991"
				}
			},
			"body": {
				"name": "Braid01",
				"body-type": "DynamicBody",
				"origin": "314.0206,513.2438",
				"active": true,
				"allow-sleep": true,
				"awake": true,
				"bullet": false,
				"fixed-rotation": false,
				"angular-damping": 0.4,
				"linear-damping": 0.4,
				"gravity-scale": 0.5,
				"fixture-polygon": {
					"name": "Braid01_fixture",
					"convexes": [
						{
							"vertexes": "304.9596,511.36365|307.0954,508.89368|321.03174,510.46997|322.95,512.50964|320.98126,517.2825|319.50592,517.5938",
							"triangles": "0,1,5,2,5,1,3,5,2,3,4,5"
						}
					],
					"friction": 0.1,
					"restitution": 0.3,
					"density": 0.2,
					"sensor": false,
					"group-index": 0,
					"category-bits": 1,
					"mask-bits": -1
				},
				"texture": {
					"name": "Braid01_texture",
					"raster-name": "Braid01",
					"corners": "305.5846,507.7777|304.3346,514.9496|322.26434,518.0745|323.51428,510.90265"
				}
			},
			"joint-revolute": {
				"name": "Joint_revolute_66",
				"body-a": "Head",
				"body-b": "Braid01",
				"collide-connected": false,
				"position": "306.61572,510.75488",
				"enable-limit": true,
				"lower-angle": 5.113225,
				"upper-angle": 35.113224,
				"enable-motor": false,
				"motor-speed": 0.2,
				"max-motor-torque": 1000
			},
			"joint-revolute": {
				"name": "Joint_revolute_67",
				"body-a": "Braid01",
				"body-b": "Braid02",
				"collide-connected": false,
				"position": "320.1104,514.1411",
				"enable-limit": true,
				"lower-angle": 8.508461,
				"upper-angle": 68.50846,
				"enable-motor": false,
				"motor-speed": 0.2,
				"max-motor-torque": 1000
			},
			"joint-revolute": {
				"name": "Joint_revolute_68",
				"body-a": "Braid02",
				"body-b": "Braid03",
				"collide-connected": false,
				"position": "335.07004,510.00012",
				"enable-limit": true,
				"lower-angle": 1.9815674,
				"upper-angle": 61.981567,
				"enable-motor": false,
				"motor-speed": 0.2,
				"max-motor-torque": 1000
			},
			"joint-revolute": {
				"name": "Joint_revolute_69",
				"body-a": "Braid03",
				"body-b": "Braid04",
				"collide-connected": false,
				"position": "346.34894,498.4837",
				"enable-limit": true,
				"lower-angle": -0.4600563,
				"upper-angle": 89.53995,
				"enable-motor": false,
				"motor-speed": 0.2,
				"max-motor-torque": 1000
			},
			"joint-revolute": {
				"name": "Joint_revolute_70",
				"body-a": "Braid04",
				"body-b": "Braid05",
				"collide-connected": false,
				"position": "346.30847,482.4421",
				"enable-limit": true,
				"lower-angle": -44.89528,
				"upper-angle": 45.10472,
				"enable-motor": false,
				"motor-speed": 0.2,
				"max-motor-torque": 1000
			},
			"joint-revolute": {
				"name": "Joint_revolute_71",
				"body-a": "Braid05",
				"body-b": "Braid06",
				"collide-connected": false,
				"position": "346.23407,465.36856",
				"enable-limit": true,
				"lower-angle": -45.035816,
				"upper-angle": 44.964184,
				"enable-motor": false,
				"motor-speed": 0.2,
				"max-motor-torque": 1000
			},
			"joint-revolute": {
				"name": "Joint_revolute_72",
				"body-a": "Braid06",
				"body-b": "Braid07",
				"collide-connected": false,
				"position": "346.17377,449.17462",
				"enable-limit": true,
				"lower-angle": -45.080994,
				"upper-angle": 44.919006,
				"enable-motor": false,
				"motor-speed": 0.2,
				"max-motor-torque": 1000
			},
			"joint-revolute": {
				"name": "Joint_revolute_73",
				"body-a": "Braid07",
				"body-b": "Braid08",
				"collide-connected": false,
				"position": "346.14105,434.8955",
				"enable-limit": true,
				"lower-angle": -44.937443,
				"upper-angle": 45.062557,
				"enable-motor": false,
				"motor-speed": 0.2,
				"max-motor-torque": 1000
			},
			"joint-revolute": {
				"name": "Joint_revolute_74",
				"body-a": "Braid08",
				"body-b": "Braid09",
				"collide-connected": false,
				"position": "346.0932,420.7772",
				"enable-limit": true,
				"lower-angle": -44.718903,
				"upper-angle": 45.281097,
				"enable-motor": false,
				"motor-speed": 0.2,
				"max-motor-torque": 1000
			},
			"joint-revolute": {
				"name": "Joint_revolute_75",
				"body-a": "Braid09",
				"body-b": "Braid10",
				"collide-connected": false,
				"position": "345.97137,406.1024",
				"enable-limit": true,
				"lower-angle": -45.093628,
				"upper-angle": 44.906372,
				"enable-motor": false,
				"motor-speed": 0.2,
				"max-motor-torque": 1000
			},
			"joint-revolute": {
				"name": "Joint_revolute_76",
				"body-a": "Braid10",
				"body-b": "Braid11",
				"collide-connected": false,
				"position": "345.87152,391.11008",
				"enable-limit": true,
				"lower-angle": -44.969585,
				"upper-angle": 45.030415,
				"enable-motor": false,
				"motor-speed": 0.2,
				"max-motor-torque": 1000
			},
			"joint-revolute": {
				"name": "Joint_revolute_77",
				"body-a": "Braid11",
				"body-b": "Braid12",
				"collide-connected": false,
				"position": "345.7735,377.47418",
				"enable-limit": true,
				"lower-angle": -45.169914,
				"upper-angle": 44.830086,
				"enable-motor": false,
				"motor-speed": 0.2,
				"max-motor-torque": 1000
			},
			"joint-revolute": {
				"name": "Joint_revolute_78",
				"body-a": "Braid12",
				"body-b": "Braid13",
				"collide-connected": false,
				"position": "345.71484,363.59982",
				"enable-limit": true,
				"lower-angle": -43.272503,
				"upper-angle": 46.727497,
				"enable-motor": false,
				"motor-speed": 0.2,
				"max-motor-torque": 1000
			},
			"joint-revolute": {
				"name": "Joint_revolute_79",
				"body-a": "Braid13",
				"body-b": "Braid14",
				"collide-connected": false,
				"position": "345.68176,350.51694",
				"enable-limit": true,
				"lower-angle": -46.56817,
				"upper-angle": 43.43183,
				"enable-motor": false,
				"motor-speed": 0.2,
				"max-motor-torque": 1000
			},
			"joint-revolute": {
				"name": "Joint_revolute_80",
				"body-a": "Braid14",
				"body-b": "Braid15",
				"collide-connected": false,
				"position": "345.67273,337.84012",
				"enable-limit": true,
				"lower-angle": -47.902187,
				"upper-angle": 42.097813,
				"enable-motor": false,
				"motor-speed": 0.2,
				"max-motor-torque": 1000
			}
		},
		"group": {
			"name": "Braid_c1",
			"body": {
				"name": "Braid15_c1",
				"body-type": "DynamicBody",
				"origin": "154.31822,333.97617",
				"active": true,
				"allow-sleep": true,
				"awake": true,
				"bullet": false,
				"fixed-rotation": false,
				"angular-damping": 0.4,
				"linear-damping": 0.4,
				"gravity-scale": 0.5,
				"fixture-polygon": {
					"name": "Braid15_fixture_c1",
					"convexes": [
						{
							"vertexes": "153.03853,338.22757|154.23341,328.6346|155.59792,338.93866",
							"triangles": "0,1,2"
						}
					],
					"friction": 0.1,
					"restitution": 0.3,
					"density": 0.2,
					"sensor": false,
					"group-index": 0,
					"category-bits": 1,
					"mask-bits": -1
				},
				"texture": {
					"name": "Braid15_texture_c1",
					"raster-name": "Braid15",
					"corners": "155.61208,339.2183|153.09529,339.34613|152.55562,328.71985|155.0724,328.592"
				}
			},
			"body": {
				"name": "Braid14_c1",
				"body-type": "DynamicBody",
				"origin": "154.42473,344.68823",
				"active": true,
				"allow-sleep": true,
				"awake": true,
				"bullet": false,
				"fixed-rotation": false,
				"angular-damping": 0.4,
				"linear-damping": 0.4,
				"gravity-scale": 0.5,
				"fixture-polygon": {
					"name": "Braid14_fixture_c1",
					"convexes": [
						{
							"vertexes": "153.30507,352.6684|152.18459,349.3085|153.02315,337.5484|155.26302,336.70816|156.66487,351.54797",
							"triangles": "0,1,4,4,1,3,1,2,3"
						}
					],
					"friction": 0.1,
					"restitution": 0.3,
					"density": 0.2,
					"sensor": false,
					"group-index": 0,
					"category-bits": 1,
					"mask-bits": -1
				},
				"texture": {
					"name": "Braid14_texture_c1",
					"raster-name": "Braid14",
					"corners": "156.66505,352.94797|152.18501,352.94852|152.18294,336.42853|156.66298,336.42798"
				}
			},
			"body": {
				"name": "Braid13_c1",
				"body-type": "DynamicBody",
				"origin": "154.26942,357.91443",
				"active": true,
				"allow-sleep": true,
				"awake": true,
				"bullet": false,
				"fixed-rotation": false,
				"angular-damping": 0.4,
				"linear-damping": 0.4,
				"gravity-scale": 0.5,
				"fixture-polygon": {
					"name": "Braid13_fixture_c1",
					"convexes": [
						{
							"vertexes": "151.95992,366.53268|151.01717,360.90015|152.19234,350.29193|155.32387,348.70993|156.67897,350.15338|157.63661,364.1906|155.58925,366.92737",
							"triangles": "0,1,5,1,4,5,6,0,5,1,2,4,2,3,4"
						}
					],
					"friction": 0.1,
					"restitution": 0.3,
					"density": 0.2,
					"sensor": false,
					"group-index": 0,
					"category-bits": 1,
					"mask-bits": -1
				},
				"texture": {
					"name": "Braid13_texture_c1",
					"raster-name": "Braid13",
					"corners": "157.53944,367.26907|150.82283,367.05707|151.40584,348.58627|158.12245,348.79828"
				}
			},
			"body": {
				"name": "Braid12_c1",
				"body-type": "DynamicBody",
				"origin": "154.11754,371.52112",
				"active": true,
				"allow-sleep": true,
				"awake": true,
				"bullet": false,
				"fixed-rotation": false,
				"angular-damping": 0.4,
				"linear-damping": 0.4,
				"gravity-scale": 0.5,
				"fixture-polygon": {
					"name": "Braid12_fixture_c1",
					"convexes": [
						{
							"vertexes": "152.28047,381.87595|149.774,377.10883|152.0583,361.4352|155.41908,361.16473|157.37355,363.13025|158.44923,378.8134|156.7621,381.3286",
							"triangles": "0,1,6,6,1,5,1,4,5,1,2,4,2,3,4"
						}
					],
					"friction": 0.1,
					"restitution": 0.3,
					"density": 0.2,
					"sensor": false,
					"group-index": 0,
					"category-bits": 1,
					"mask-bits": -1
				},
				"texture": {
					"name": "Braid12_texture_c1",
					"raster-name": "Braid12",
					"corners": "158.4405,381.89334|149.76051,381.8688|149.8199,360.8689|158.4999,360.89343"
				}
			},
			"body": {
				"name": "Braid11_c1",
				"body-type": "DynamicBody",
				"origin": "154.13911,384.71973",
				"active": true,
				"allow-sleep": true,
				"awake": true,
				"bullet": false,
				"fixed-rotation": false,
				"angular-damping": 0.4,
				"linear-damping": 0.4,
				"gravity-scale": 0.5,
				"fixture-polygon": {
					"name": "Braid11_fixture_c1",
					"convexes": [
						{
							"vertexes": "148.83742,389.99686|149.77364,377.40363|157.35262,374.94138|158.72688,378.31195|159.4579,392.59796|158.04085,394.8272|152.99245,395.90875|149.6454,394.20316",
							"triangles": "0,6,7,0,4,6,4,5,6,0,3,4,0,1,3,1,2,3"
						},
						{
							"vertexes": "157.35262,374.94138|149.77364,377.40363|151.75917,374.0587|154.84334,373.5222",
							"triangles": "0,1,3,1,2,3"
						}
					],
					"friction": 0.1,
					"restitution": 0.3,
					"density": 0.2,
					"sensor": false,
					"group-index": 0,
					"category-bits": 1,
					"mask-bits": -1
				},
				"texture": {
					"name": "Braid11_texture_c1",
					"raster-name": "Braid11",
					"corners": "159.43227,395.9579|148.79256,395.87668|148.96352,373.47733|159.60323,373.5585"
				}
			},
			"body": {
				"name": "Braid10_c1",
				"body-type": "DynamicBody",
				"origin": "154.0594,399.3516",
				"active": true,
				"allow-sleep": true,
				"awake": true,
				"bullet": false,
				"fixed-rotation": false,
				"angular-damping": 0.4,
				"linear-damping": 0.4,
				"gravity-scale": 0.5,
				"fixture-polygon": {
					"name": "Braid10_fixture_c1",
					"convexes": [
						{
							"vertexes": "147.8946,404.34558|148.82631,391.4719|159.46602,391.5477|160.2242,403.0334|159.06032,409.18524|155.12453,411.39728|150.64864,410.80536|148.4247,408.54947",
							"triangles": "0,6,7,0,5,6,4,5,0,3,4,0,3,0,1,3,1,2"
						},
						{
							"vertexes": "159.46602,391.5477|148.82631,391.4719|150.8102,388.12595|156.69203,387.88785",
							"triangles": "0,1,3,1,2,3"
						}
					],
					"friction": 0.1,
					"restitution": 0.3,
					"density": 0.2,
					"sensor": false,
					"group-index": 0,
					"category-bits": 1,
					"mask-bits": -1
				},
				"texture": {
					"name": "Braid10_texture_c1",
					"raster-name": "Braid10",
					"corners": "160.16438,411.43317|147.84474,411.3454|148.01625,387.26602|160.33589,387.3538"
				}
			},
			"body": {
				"name": "Braid09_c1",
				"body-type": "DynamicBody",
				"origin": "153.76451,414.10132",
				"active": true,
				"allow-sleep": true,
				"awake": true,
				"bullet": false,
				"fixed-rotation": false,
				"angular-damping": 0.4,
				"linear-damping": 0.4,
				"gravity-scale": 0.5,
				"fixture-polygon": {
					"name": "Braid09_fixture_c1",
					"convexes": [
						{
							"vertexes": "151.34407,426.39874|148.279,424.6918|146.91335,420.75967|147.88106,406.2076|156.04005,401.79898|160.20052,406.31564|160.04579,423.955|156.1039,426.4405",
							"triangles": "0,1,2,2,7,0,6,7,2,6,2,5,2,3,5,3,4,5"
						},
						{
							"vertexes": "147.88106,406.2076|151.84016,401.76215|156.04005,401.79898",
							"triangles": "0,1,2"
						}
					],
					"friction": 0.1,
					"restitution": 0.3,
					"density": 0.2,
					"sensor": false,
					"group-index": 0,
					"category-bits": 1,
					"mask-bits": -1
				},
				"texture": {
					"name": "Braid09_texture_c1",
					"raster-name": "Braid09",
					"corners": "160.86372,426.48224|146.86421,426.35947|147.08034,401.7204|161.07985,401.84317"
				}
			},
			"body": {
				"name": "Braid08_c1",
				"body-type": "DynamicBody",
				"origin": "153.71507,428.38403",
				"active": true,
				"allow-sleep": true,
				"awake": true,
				"bullet": false,
				"fixed-rotation": false,
				"angular-damping": 0.4,
				"linear-damping": 0.4,
				"gravity-scale": 0.5,
				"fixture-polygon": {
					"name": "Braid08_fixture_c1",
					"convexes": [
						{
							"vertexes": "146.30562,433.95746|147.76076,418.56256|151.69179,415.4966|160.63667,419.72864|161.1335,437.3705|157.76155,440.71848|151.8796,441.25745|146.8506,438.15942",
							"triangles": "0,6,7,5,6,0,4,5,0,0,3,4,0,1,3,3,1,2"
						},
						{
							"vertexes": "160.63667,419.72864|151.69179,415.4966|157.0107,415.79562",
							"triangles": "0,1,2"
						}
					],
					"friction": 0.1,
					"restitution": 0.3,
					"density": 0.2,
					"sensor": false,
					"group-index": 0,
					"category-bits": 1,
					"mask-bits": -1
				},
				"texture": {
					"name": "Braid08_texture_c1",
					"raster-name": "Braid08",
					"corners": "161.39955,441.2915|146.27962,441.2374|146.37276,415.19757|161.49269,415.25165"
				}
			},
			"body": {
				"name": "Braid07_c1",
				"body-type": "DynamicBody",
				"origin": "153.82558,442.43872",
				"active": true,
				"allow-sleep": true,
				"awake": true,
				"bullet": false,
				"fixed-rotation": false,
				"angular-damping": 0.4,
				"linear-damping": 0.4,
				"gravity-scale": 0.5,
				"fixture-polygon": {
					"name": "Braid07_fixture_c1",
					"convexes": [
						{
							"vertexes": "146.26302,451.79822|146.00319,443.11758|147.14723,432.76022|161.41939,436.1534|161.66621,450.43402|160.25972,453.23077|156.33449,455.46164|150.17519,455.16733",
							"triangles": "0,1,7,1,4,7,4,6,7,4,1,3,5,6,4,3,1,2"
						},
						{
							"vertexes": "156.11568,429.14105|159.19179,430.82822|161.41939,436.1534|147.14723,432.76022|150.79506,429.4087",
							"triangles": "0,2,3,3,4,0,2,0,1"
						}
					],
					"friction": 0.1,
					"restitution": 0.3,
					"density": 0.2,
					"sensor": false,
					"group-index": 0,
					"category-bits": 1,
					"mask-bits": -1
				},
				"texture": {
					"name": "Braid07_texture_c1",
					"raster-name": "Braid07",
					"corners": "161.65388,455.754|145.97389,455.71756|146.03572,429.1176|161.71571,429.15408"
				}
			},
			"body": {
				"name": "Braid06_c1",
				"body-type": "DynamicBody",
				"origin": "153.67885,457.62723",
				"active": true,
				"allow-sleep": true,
				"awake": true,
				"bullet": false,
				"fixed-rotation": false,
				"angular-damping": 0.4,
				"linear-damping": 0.4,
				"gravity-scale": 0.5,
				"fixture-polygon": {
					"name": "Braid06_fixture_c1",
					"convexes": [
						{
							"vertexes": "145.69484,453.11377|156.64778,443.9128|159.99977,446.1648|161.66286,450.93076|161.32881,466.04968|155.98878,471.63065|151.22884,471.61365|146.20387,467.39566",
							"triangles": "0,3,7,4,7,3,2,3,0,4,6,7,1,2,0,4,5,6"
						},
						{
							"vertexes": "145.69484,453.11377|145.99086,448.6348|150.20686,444.16983|156.64778,443.9128",
							"triangles": "0,2,3,2,0,1"
						},
						{
							"vertexes": "159.9178,469.12466|155.98878,471.63065|161.32881,466.04968",
							"triangles": "0,1,2"
						}
					],
					"friction": 0.1,
					"restitution": 0.3,
					"density": 0.2,
					"sensor": false,
					"group-index": 0,
					"category-bits": 1,
					"mask-bits": -1
				},
				"texture": {
					"name": "Braid06_texture_c1",
					"raster-name": "Braid06",
					"corners": "161.58882,471.65063|145.62886,471.59363|145.72884,443.5938|161.6888,443.65082"
				}
			},
			"body": {
				"name": "Braid05_c1",
				"body-type": "DynamicBody",
				"origin": "153.63005,474.12033",
				"active": true,
				"allow-sleep": true,
				"awake": true,
				"bullet": false,
				"fixed-rotation": false,
				"angular-damping": 0.4,
				"linear-damping": 0.4,
				"gravity-scale": 0.5,
				"fixture-polygon": {
					"name": "Braid05_fixture_c1",
					"convexes": [
						{
							"vertexes": "145.93062,465.40982|154.91243,459.84482|159.10591,461.54117|161.32948,465.74988|160.13197,485.62537|155.36104,488.40677|148.92549,487.26166|146.41866,483.89188",
							"triangles": "0,3,7,4,7,3,3,0,2,4,5,7,1,2,0,5,6,7"
						},
						{
							"vertexes": "145.93062,465.40982|149.30922,460.66296|154.91243,459.84482",
							"triangles": "0,1,2"
						}
					],
					"friction": 0.1,
					"restitution": 0.3,
					"density": 0.2,
					"sensor": false,
					"group-index": 0,
					"category-bits": 1,
					"mask-bits": -1
				},
				"texture": {
					"name": "Braid05_texture_c1",
					"raster-name": "Braid05",
					"corners": "161.24104,488.4297|145.84108,488.36966|145.95247,459.80988|161.35243,459.86993"
				}
			},
			"body": {
				"name": "Braid04_c1",
				"body-type": "DynamicBody",
				"origin": "153.56294,490.80902",
				"active": true,
				"allow-sleep": true,
				"awake": true,
				"bullet": false,
				"fixed-rotation": false,
				"angular-damping": 0.4,
				"linear-damping": 0.4,
				"gravity-scale": 0.5,
				"fixture-polygon": {
					"name": "Braid04_fixture_c1",
					"convexes": [
						{
							"vertexes": "160.98317,482.70633|160.67464,497.26575|157.0226,503.41864|146.95137,498.91882|146.14272,482.95718|148.95155,478.4827|152.59377,477.36984|157.91206,478.2203",
							"triangles": "0,3,4,5,0,4,1,3,0,0,5,6,2,3,1,7,0,6"
						},
						{
							"vertexes": "151.70094,504.24817|146.95137,498.91882|157.0226,503.41864",
							"triangles": "0,1,2"
						}
					],
					"friction": 0.1,
					"restitution": 0.3,
					"density": 0.2,
					"sensor": false,
					"group-index": 0,
					"category-bits": 1,
					"mask-bits": -1
				},
				"texture": {
					"name": "Braid04_texture_c1",
					"raster-name": "Braid04",
					"corners": "160.94087,504.26636|146.10097,504.23718|146.15376,477.3572|160.99367,477.38635"
				}
			},
			"body": {
				"name": "Braid03_c1",
				"body-type": "DynamicBody",
				"origin": "159.14247,504.18726",
				"active": true,
				"allow-sleep": true,
				"awake": true,
				"bullet": false,
				"fixed-rotation": false,
				"angular-damping": 0.4,
				"linear-damping": 0.4,
				"gravity-scale": 0.5,
				"fixture-polygon": {
					"name": "Braid03_fixture_c1",
					"convexes": [
						{
							"vertexes": "148.75526,503.1798|148.21724,497.4325|151.61952,493.70367|158.54692,493.96912|169.51814,505.95593|169.65251,512.4912|165.46602,515.4204|160.72603,514.1863",
							"triangles": "0,1,2,0,2,3,7,0,3,7,3,4,7,4,5,6,7,5"
						}
					],
					"friction": 0.1,
					"restitution": 0.3,
					"density": 0.2,
					"sensor": false,
					"group-index": 0,
					"category-bits": 1,
					"mask-bits": -1
				},
				"texture": {
					"name": "Braid03_texture_c1",
					"raster-name": "Braid03",
					"corners": "173.25087,508.96216|163.65526,518.3728|145.42235,499.78137|155.01796,490.37076"
				}
			},
			"body": {
				"name": "Braid02_c1",
				"body-type": "DynamicBody",
				"origin": "172.05199,510.88528",
				"active": true,
				"allow-sleep": true,
				"awake": true,
				"bullet": false,
				"fixed-rotation": false,
				"angular-damping": 0.4,
				"linear-damping": 0.4,
				"gravity-scale": 0.5,
				"fixture-polygon": {
					"name": "Braid02_fixture_c1",
					"convexes": [
						{
							"vertexes": "164.91852,516.1969|161.91531,514.3195|160.66734,511.13763|161.65326,507.05493|163.87787,504.99976|168.8335,504.7563|182.60156,510.96155|179.66324,517.16516",
							"triangles": "0,1,2,3,0,2,3,5,0,7,0,5,5,3,4,6,7,5"
						},
						{
							"vertexes": "183.108,514.8284|179.66324,517.16516|182.60156,510.96155",
							"triangles": "0,1,2"
						}
					],
					"friction": 0.1,
					"restitution": 0.3,
					"density": 0.2,
					"sensor": false,
					"group-index": 0,
					"category-bits": 1,
					"mask-bits": -1
				},
				"texture": {
					"name": "Braid02_texture_c1",
					"raster-name": "Braid02",
					"corners": "184.61972,508.56842|181.79344,520.272|159.74716,514.94806|162.57343,503.2445"
				}
			},
			"body": {
				"name": "Braid01_c1",
				"body-type": "DynamicBody",
				"origin": "186.1563,513.2697",
				"active": true,
				"allow-sleep": true,
				"awake": true,
				"bullet": false,
				"fixed-rotation": false,
				"angular-damping": 0.4,
				"linear-damping": 0.4,
				"gravity-scale": 0.5,
				"fixture-polygon": {
					"name": "Braid01_fixture_c1",
					"convexes": [
						{
							"vertexes": "179.19958,517.3147|177.22699,512.54346|179.14365,510.50226|193.07867,508.91467|195.21649,511.383|180.67517,517.62476",
							"triangles": "0,1,5,2,5,1,3,5,2,5,3,4"
						}
					],
					"friction": 0.1,
					"restitution": 0.3,
					"density": 0.2,
					"sensor": false,
					"group-index": 0,
					"category-bits": 1,
					"mask-bits": -1
				},
				"texture": {
					"name": "Braid01_texture_c1",
					"raster-name": "Braid01",
					"corners": "194.5886,507.79755|195.84436,514.9684|177.91714,518.1078|176.6614,510.9369"
				}
			},
			"joint-revolute": {
				"name": "Joint_revolute_66_c1",
				"body-a": "Head",
				"body-b": "Braid01_c1",
				"collide-connected": false,
				"position": "193.5599,510.77563",
				"enable-limit": true,
				"lower-angle": -35.06718,
				"upper-angle": -5.0671797,
				"enable-motor": false,
				"motor-speed": 0.2,
				"max-motor-torque": 1000
			},
			"joint-revolute": {
				"name": "Joint_revolute_67_c1",
				"body-a": "Braid01_c1",
				"body-b": "Braid02_c1",
				"collide-connected": false,
				"position": "180.0679,514.1726",
				"enable-limit": true,
				"lower-angle": -68.50914,
				"upper-angle": -8.509142,
				"enable-motor": false,
				"motor-speed": 0.2,
				"max-motor-torque": 1000
			},
			"joint-revolute": {
				"name": "Joint_revolute_68_c1",
				"body-a": "Braid02_c1",
				"body-b": "Braid03_c1",
				"collide-connected": false,
				"position": "165.105,510.04352",
				"enable-limit": true,
				"lower-angle": -61.98153,
				"upper-angle": -1.9815292,
				"enable-motor": false,
				"motor-speed": 0.2,
				"max-motor-torque": 1000
			},
			"joint-revolute": {
				"name": "Joint_revolute_69_c1",
				"body-a": "Braid03_c1",
				"body-b": "Braid04_c1",
				"collide-connected": false,
				"position": "153.81694,498.5362",
				"enable-limit": true,
				"lower-angle": -89.55467,
				"upper-angle": 0.44532776,
				"enable-motor": false,
				"motor-speed": 0.2,
				"max-motor-torque": 1000
			},
			"joint-revolute": {
				"name": "Joint_revolute_70_c1",
				"body-a": "Braid04_c1",
				"body-b": "Braid05_c1",
				"collide-connected": false,
				"position": "153.84889,482.49454",
				"enable-limit": true,
				"lower-angle": -45.11086,
				"upper-angle": 44.88914,
				"enable-motor": false,
				"motor-speed": 0.2,
				"max-motor-torque": 1000
			},
			"joint-revolute": {
				"name": "Joint_revolute_71_c1",
				"body-a": "Braid05_c1",
				"body-b": "Braid06_c1",
				"collide-connected": false,
				"position": "153.91585,465.42096",
				"enable-limit": true,
				"lower-angle": -44.981205,
				"upper-angle": 45.018795,
				"enable-motor": false,
				"motor-speed": 0.2,
				"max-motor-torque": 1000
			},
			"joint-revolute": {
				"name": "Joint_revolute_72_c1",
				"body-a": "Braid06_c1",
				"body-b": "Braid07_c1",
				"collide-connected": false,
				"position": "153.97408,449.22702",
				"enable-limit": true,
				"lower-angle": -44.92863,
				"upper-angle": 45.07137,
				"enable-motor": false,
				"motor-speed": 0.2,
				"max-motor-torque": 1000
			},
			"joint-revolute": {
				"name": "Joint_revolute_73_c1",
				"body-a": "Braid07_c1",
				"body-b": "Braid08_c1",
				"collide-connected": false,
				"position": "154.0074,434.94788",
				"enable-limit": true,
				"lower-angle": -45.071743,
				"upper-angle": 44.928257,
				"enable-motor": false,
				"motor-speed": 0.2,
				"max-motor-torque": 1000
			},
			"joint-revolute": {
				"name": "Joint_revolute_74_c1",
				"body-a": "Braid08_c1",
				"body-b": "Braid09_c1",
				"collide-connected": false,
				"position": "154.05788,420.8296",
				"enable-limit": true,
				"lower-angle": -45.297516,
				"upper-angle": 44.702484,
				"enable-motor": false,
				"motor-speed": 0.2,
				"max-motor-torque": 1000
			},
			"joint-revolute": {
				"name": "Joint_revolute_75_c1",
				"body-a": "Braid09_c1",
				"body-b": "Braid10_c1",
				"collide-connected": false,
				"position": "154.1869,406.15482",
				"enable-limit": true,
				"lower-angle": -44.905647,
				"upper-angle": 45.094353,
				"enable-motor": false,
				"motor-speed": 0.2,
				"max-motor-torque": 1000
			},
			"joint-revolute": {
				"name": "Joint_revolute_76_c1",
				"body-a": "Braid10_c1",
				"body-b": "Braid11_c1",
				"collide-connected": false,
				"position": "154.29384,391.1625",
				"enable-limit": true,
				"lower-angle": -45.029064,
				"upper-angle": 44.970936,
				"enable-motor": false,
				"motor-speed": 0.2,
				"max-motor-torque": 1000
			},
			"joint-revolute": {
				"name": "Joint_revolute_77_c1",
				"body-a": "Braid11_c1",
				"body-b": "Braid12_c1",
				"collide-connected": false,
				"position": "154.39796,377.52676",
				"enable-limit": true,
				"lower-angle": -44.72475,
				"upper-angle": 45.27525,
				"enable-motor": false,
				"motor-speed": 0.2,
				"max-motor-torque": 1000
			},
			"joint-revolute": {
				"name": "Joint_revolute_78_c1",
				"body-a": "Braid12_c1",
				"body-b": "Braid13_c1",
				"collide-connected": false,
				"position": "154.43727,363.6523",
				"enable-limit": true,
				"lower-angle": -46.64593,
				"upper-angle": 43.35407,
				"enable-motor": false,
				"motor-speed": 0.2,
				"max-motor-torque": 1000
			},
			"joint-revolute": {
				"name": "Joint_revolute_79_c1",
				"body-a": "Braid13_c1",
				"body-b": "Braid14_c1",
				"collide-connected": false,
				"position": "154.43355,350.5694",
				"enable-limit": true,
				"lower-angle": -43.184986,
				"upper-angle": 46.815014,
				"enable-motor": false,
				"motor-speed": 0.2,
				"max-motor-torque": 1000
			},
			"joint-revolute": {
				"name": "Joint_revolute_80_c1",
				"body-a": "Braid14_c1",
				"body-b": "Braid15_c1",
				"collide-connected": false,
				"position": "154.35219,337.89276",
				"enable-limit": true,
				"lower-angle": -42.09958,
				"upper-angle": 47.90042,
				"enable-motor": false,
				"motor-speed": 0.2,
				"max-motor-torque": 1000
			}
		}
	},
	"group": {
		"name": "Body",
		"body": {
			"name": "Neck",
			"body-type": "DynamicBody",
			"origin": "249.771,416.0262",
			"active": true,
			"allow-sleep": true,
			"awake": true,
			"bullet": false,
			"fixed-rotation": false,
			"angular-damping": 0.2,
			"linear-damping": 0.2,
			"gravity-scale": 1,
			"fixture-polygon": {
				"name": "Neck_fixture",
				"convexes": [
					{
						"vertexes": "251.96927,427.06595|247.58058,427.02838|244.77516,421.0309|246.17097,412.26727|253.68047,412.26794|254.7748,420.62186",
						"triangles": "0,1,2,5,0,2,3,5,2,5,3,4"
					}
				],
				"friction": 0.1,
				"restitution": 0.3,
				"density": 1,
				"sensor": false,
				"group-index": 0,
				"category-bits": 1,
				"mask-bits": -1
			},
			"texture": {
				"name": "Neck_texture",
				"raster-name": "Neck",
				"corners": "244.76035,404.63092|244.78094,427.43094|254.78094,427.42188|254.76035,404.62186"
			}
		},
		"body": {
			"name": "Head",
			"body-type": "DynamicBody",
			"origin": "250.37762,485.22443",
			"active": true,
			"allow-sleep": true,
			"awake": true,
			"bullet": false,
			"fixed-rotation": false,
			"angular-damping": 0.2,
			"linear-damping": 0.2,
			"gravity-scale": 0.2,
			"fixture-polygon": {
				"name": "Head_fixture",
				"convexes": [
					{
						"vertexes": "195.97763,516.62445|191.97763,515.0244|192.77762,505.42444|195.17761,505.42444",
						"triangles": "0,1,3,1,2,3"
					},
					{
						"vertexes": "192.37762,491.42444|192.77762,477.82443|197.97763,458.22443|211.17761,436.62445|264.77762,423.0244|279.9776,430.22443|292.37762,441.0244|195.17761,505.42444",
						"triangles": "0,6,7,6,0,1,1,2,6,2,5,6,5,2,4,4,2,3"
					},
					{
						"vertexes": "197.57762,521.82446|195.97763,516.62445|195.17761,505.42444|292.37762,441.0244|304.77762,504.62445|302.77762,516.62445|248.37762,547.82446|205.57762,535.82446",
						"triangles": "0,1,2,2,7,0,7,2,5,2,3,5,6,7,5,4,5,3"
					},
					{
						"vertexes": "215.97763,543.42444|205.57762,535.82446|248.37762,547.82446|243.17763,550.2244|231.17763,549.42444",
						"triangles": "0,1,2,4,0,2,3,4,2"
					},
					{
						"vertexes": "264.77762,423.0244|211.17761,436.62445|219.57762,429.42444|238.77762,421.42444|249.57762,420.22443",
						"triangles": "0,1,3,1,2,3,3,4,0"
					},
					{
						"vertexes": "277.1776,546.6244|264.37762,550.2244|248.37762,547.82446|302.77762,516.62445|300.37762,527.0244|291.57764,538.2244",
						"triangles": "0,2,3,5,0,3,1,2,0,4,5,3"
					},
					{
						"vertexes": "305.1776,471.42444|304.77762,504.62445|292.37762,441.0244|300.77762,454.22443",
						"triangles": "0,1,2,0,2,3"
					},
					{
						"vertexes": "302.77762,516.62445|304.77762,504.62445|309.1776,506.22443|308.37762,514.2244",
						"triangles": "0,1,3,3,1,2"
					}
				],
				"friction": 0.1,
				"restitution": 0.3,
				"density": 0.1,
				"sensor": false,
				"group-index": 0,
				"category-bits": 1,
				"mask-bits": -1
			},
			"texture": {
				"name": "Head_texture",
				"raster-name": "Head",
				"corners": "191.17761,420.22443|191.17761,550.2244|309.57764,550.2244|309.57764,420.22443"
			}
		},
		"body": {
			"name": "Hand",
			"body-type": "DynamicBody",
			"origin": "265.12137,393.07303",
			"active": true,
			"allow-sleep": true,
			"awake": true,
			"bullet": false,
			"fixed-rotation": false,
			"angular-damping": 0.2,
			"linear-damping": 0.2,
			"gravity-scale": 1,
			"fixture-polygon": {
				"name": "Hand_fixture",
				"convexes": [
					{
						"vertexes": "256.2533,411.39594|252.57909,407.20782|255.64302,397.07013|263.43512,383.09003|271.10297,375.3697|274.95392,388.68625|265.6742,405.49957|260.2022,410.75858",
						"triangles": "0,1,7,7,1,6,1,2,6,6,2,5,5,2,3,3,4,5"
					},
					{
						"vertexes": "274.95392,388.68625|271.10297,375.3697|274.6977,374.54645|277.64594,379.25687",
						"triangles": "0,1,3,3,1,2"
					}
				],
				"friction": 0.1,
				"restitution": 0.3,
				"density": 1,
				"sensor": false,
				"group-index": 0,
				"category-bits": 1,
				"mask-bits": -1
			},
			"texture": {
				"name": "Hand_texture",
				"raster-name": "Hand",
				"corners": "249.87859,408.04883|261.5656,414.18515|280.71832,377.70758|269.0313,371.57126"
			}
		},
		"body": {
			"name": "Hand_c1",
			"body-type": "DynamicBody",
			"origin": "234.48665,393.96786",
			"active": true,
			"allow-sleep": true,
			"awake": true,
			"bullet": false,
			"fixed-rotation": false,
			"angular-damping": 0.2,
			"linear-damping": 0.2,
			"gravity-scale": 1,
			"fixture-polygon": {
				"name": "Hand_fixture_c1",
				"convexes": [
					{
						"vertexes": "224.46858,390.01154|221.32664,380.72235|224.04515,375.87573|227.67531,376.52533|235.70522,383.8684|244.15993,397.458|247.70732,407.4368|234.54524,406.35962",
						"triangles": "0,1,3,3,1,2,0,3,4,5,0,4,5,7,0,7,5,6"
					},
					{
						"vertexes": "240.26357,411.34967|234.54524,406.35962|247.70732,407.4368|244.23851,411.79657",
						"triangles": "0,1,2,3,0,2"
					}
				],
				"friction": 0.1,
				"restitution": 0.3,
				"density": 1,
				"sensor": false,
				"group-index": 0,
				"category-bits": 1,
				"mask-bits": -1
			},
			"texture": {
				"name": "Hand_texture_c1",
				"raster-name": "Hand",
				"corners": "250.44508,408.1471|239.06639,414.83777|218.1834,379.32245|229.56209,372.63177"
			}
		},
		"body": {
			"name": "Foot",
			"body-type": "DynamicBody",
			"origin": "257.46765,329.7431",
			"active": true,
			"allow-sleep": true,
			"awake": true,
			"bullet": false,
			"fixed-rotation": false,
			"angular-damping": 0.2,
			"linear-damping": 0.2,
			"gravity-scale": 1,
			"fixture-polygon": {
				"name": "Foot_fixture",
				"convexes": [
					{
						"vertexes": "262.24207,327.6177|262.04565,336.02496|259.6948,338.0825|253.24823,336.23813|252.25467,328.25986|255.28899,321.3843|258.48804,321.3068",
						"triangles": "0,3,4,4,6,0,1,3,0,6,4,5,2,3,1"
					}
				],
				"friction": 0.1,
				"restitution": 0.3,
				"density": 1,
				"sensor": false,
				"group-index": 0,
				"category-bits": 1,
				"mask-bits": -1
			},
			"texture": {
				"name": "Foot_texture",
				"raster-name": "Foot",
				"corners": "252.08994,321.46182|252.4969,338.2569|262.89386,338.00497|262.48688,321.2099"
			}
		},
		"body": {
			"name": "Foot_c1",
			"body-type": "DynamicBody",
			"origin": "241.29727,330.13794",
			"active": true,
			"allow-sleep": true,
			"awake": true,
			"bullet": false,
			"fixed-rotation": false,
			"angular-damping": 0.2,
			"linear-damping": 0.2,
			"gravity-scale": 1,
			"fixture-polygon": {
				"name": "Foot_fixture_c1",
				"convexes": [
					{
						"vertexes": "236.70264,336.40848|236.52547,328.00082|240.29385,321.6985|243.49275,321.78333|246.51135,328.6658|245.49954,336.64175|239.04878,338.47137",
						"triangles": "0,1,5,4,5,1,6,0,5,2,4,1,3,4,2"
					}
				],
				"friction": 0.1,
				"restitution": 0.3,
				"density": 1,
				"sensor": false,
				"group-index": 0,
				"category-bits": 1,
				"mask-bits": -1
			},
			"texture": {
				"name": "Foot_texture_c1",
				"raster-name": "Foot",
				"corners": "246.69162,321.86816|246.24625,338.66226|235.8499,338.38657|236.29526,321.59247"
			}
		},
		"body": {
			"name": "Leg",
			"body-type": "DynamicBody",
			"origin": "256.33768,355.3941",
			"active": true,
			"allow-sleep": true,
			"awake": true,
			"bullet": false,
			"fixed-rotation": false,
			"angular-damping": 0.2,
			"linear-damping": 0.2,
			"gravity-scale": 1,
			"fixture-polygon": {
				"name": "Leg_fixture",
				"convexes": [
					{
						"vertexes": "252.0001,377.2634|249.569,367.56342|253.72736,332.09644|263.24393,334.46182|262.5148,374.46317|257.9499,378.6918",
						"triangles": "0,1,4,4,1,3,5,0,4,1,2,3"
					}
				],
				"friction": 0.1,
				"restitution": 0.3,
				"density": 1,
				"sensor": false,
				"group-index": 0,
				"category-bits": 1,
				"mask-bits": -1
			},
			"texture": {
				"name": "Leg_texture",
				"raster-name": "Leg",
				"corners": "250.9294,331.98944|249.1563,378.35553|262.34668,378.85995|264.11975,332.49387"
			}
		},
		"body": {
			"name": "Leg_c1",
			"body-type": "DynamicBody",
			"origin": "242.23996,355.80255",
			"active": true,
			"allow-sleep": true,
			"awake": true,
			"bullet": false,
			"fixed-rotation": false,
			"angular-damping": 0.2,
			"linear-damping": 0.2,
			"gravity-scale": 1,
			"fixture-polygon": {
				"name": "Leg_fixture_c1",
				"convexes": [
					{
						"vertexes": "235.85298,374.8059|235.51215,334.79935|245.05122,332.52646|248.86513,368.0321|246.34,377.70804|240.37666,379.07864",
						"triangles": "0,1,3,1,2,3,4,0,3,5,0,4"
					}
				],
				"friction": 0.1,
				"restitution": 0.3,
				"density": 1,
				"sensor": false,
				"group-index": 0,
				"category-bits": 1,
				"mask-bits": -1
			},
			"texture": {
				"name": "Leg_texture_c1",
				"raster-name": "Leg",
				"corners": "247.85007,332.44662|249.17307,378.82773|235.97844,379.2041|234.65544,332.823"
			}
		},
		"body": {
			"name": "Torso",
			"body-type": "DynamicBody",
			"origin": "249.63423,392.6546",
			"active": true,
			"allow-sleep": true,
			"awake": true,
			"bullet": false,
			"fixed-rotation": false,
			"angular-damping": 0.2,
			"linear-damping": 0.2,
			"gravity-scale": 1,
			"fixture-polygon": {
				"name": "Torso_fixture",
				"convexes": [
					{
						"vertexes": "236.81999,398.006|236.04901,373.61816|244.76877,370.94128|262.036,372.7966|263.21945,397.5716|257.71536,413.35342|250.37994,409.18307",
						"triangles": "0,1,2,2,4,0,6,0,4,4,2,3,4,5,6"
					},
					{
						"vertexes": "243.34784,414.608|236.81999,398.006|250.37994,409.18307",
						"triangles": "0,1,2"
					},
					{
						"vertexes": "257.71536,413.35342|253.70473,413.08|250.37994,409.18307",
						"triangles": "0,1,2"
					}
				],
				"friction": 0.1,
				"restitution": 0.3,
				"density": 1,
				"sensor": false,
				"group-index": 0,
				"category-bits": 1,
				"mask-bits": -1
			},
			"texture": {
				"name": "Torso_texture",
				"raster-name": "Torso",
				"corners": "235.97318,371.21936|237.35085,414.7976|263.73767,413.9634|262.36,370.38516"
			}
		},
		"joint-revolute": {
			"name": "Joint_revolute_82",
			"body-a": "Head",
			"body-b": "Neck",
			"collide-connected": false,
			"position": "249.57762,423.74515",
			"enable-limit": true,
			"lower-angle": -44.94822,
			"upper-angle": 45.05178,
			"enable-motor": false,
			"motor-speed": 0.2,
			"max-motor-torque": 1000
		},
		"joint-revolute": {
			"name": "Joint_revolute_83",
			"body-a": "Neck",
			"body-b": "Torso",
			"collide-connected": false,
			"position": "249.56401,408.6918",
			"enable-limit": true,
			"lower-angle": -43.241062,
			"upper-angle": 46.758938,
			"enable-motor": false,
			"motor-speed": 0.2,
			"max-motor-torque": 1000
		},
		"joint-revolute": {
			"name": "Joint_revolute_84",
			"body-a": "Torso",
			"body-b": "Hand",
			"collide-connected": false,
			"position": "257.5124,406.87366",
			"enable-limit": true,
			"lower-angle": 0.48738098,
			"upper-angle": 120.48738,
			"enable-motor": false,
			"motor-speed": 0.2,
			"max-motor-torque": 1000
		},
		"joint-revolute": {
			"name": "Joint_revolute_85",
			"body-a": "Torso",
			"body-b": "Leg",
			"collide-connected": false,
			"position": "255.65967,374.02463",
			"enable-limit": true,
			"lower-angle": -49.000717,
			"upper-angle": 75.99928,
			"enable-motor": false,
			"motor-speed": 0.2,
			"max-motor-torque": 1000
		},
		"joint-revolute": {
			"name": "Joint_revolute_86",
			"body-a": "Leg",
			"body-b": "Foot",
			"collide-connected": false,
			"position": "257.41345,334.99417",
			"enable-limit": true,
			"lower-angle": -41.421955,
			"upper-angle": 48.578045,
			"enable-motor": false,
			"motor-speed": 0.2,
			"max-motor-torque": 1000
		},
		"joint-revolute": {
			"name": "Joint_revolute_84_c1",
			"body-a": "Torso",
			"body-b": "Hand_c1",
			"collide-connected": false,
			"position": "242.76364,407.3399",
			"enable-limit": true,
			"lower-angle": -121.35523,
			"upper-angle": -1.3552322,
			"enable-motor": false,
			"motor-speed": 0.2,
			"max-motor-torque": 1000
		},
		"joint-revolute": {
			"name": "Joint_revolute_85_c1",
			"body-a": "Torso",
			"body-b": "Leg_c1",
			"collide-connected": false,
			"position": "242.71211,374.43396",
			"enable-limit": true,
			"lower-angle": -80.17684,
			"upper-angle": 44.82316,
			"enable-motor": false,
			"motor-speed": 0.2,
			"max-motor-torque": 1000
		},
		"joint-revolute": {
			"name": "Joint_revolute_86_c1",
			"body-a": "Leg_c1",
			"body-b": "Foot_c1",
			"collide-connected": false,
			"position": "241.33717,335.38828",
			"enable-limit": true,
			"lower-angle": -48.152977,
			"upper-angle": 41.847023,
			"enable-motor": false,
			"motor-speed": 0.2,
			"max-motor-torque": 1000
		}
	}
},
"body": {
	"name": "Body_166",
	"body-type": "StaticBody",
	"origin": "240.0,400.0",
	"active": true,
	"allow-sleep": true,
	"awake": true,
	"bullet": false,
	"fixed-rotation": false,
	"angular-damping": 0,
	"linear-damping": 0,
	"gravity-scale": 1,
	"fixture-polygon": {
		"name": "Fixture_box_167",
		"convexes": [
			{
				"vertexes": "0.0,800.0|0.0,0.0|10.0,10.0|10.0,790.0",
				"triangles": "0,1,3,1,2,3"
			},
			{
				"vertexes": "10.0,10.0|0.0,0.0|480.0,0.0|470.0,10.0",
				"triangles": "0,1,2,3,0,2"
			},
			{
				"vertexes": "0.0,800.0|10.0,790.0|470.0,790.0|480.0,800.0",
				"triangles": "0,1,3,1,2,3"
			},
			{
				"vertexes": "470.0,790.0|470.0,10.0|480.0,0.0|480.0,800.0",
				"triangles": "0,2,3,0,1,2"
			}
		],
		"friction": 0.1,
		"restitution": 0.3,
		"density": 1,
		"sensor": false,
		"group-index": 0,
		"category-bits": 1,
		"mask-bits": -1
	}
}
}